exp_id,group,optimizer,lr,batch,loss,dropout,clip_norm,precision,init,initial_val_loss,best_epoch,val_acc,val_macro_f1,delta_f1_vs_base_s1,mean_epoch_seconds,mean_train_seconds,peak_memory_mb,mean_clip_fraction,diverged
base-s1,baseline,sgd_momentum,0.1,512,ce,0.0,,fp32,he,2.2690618110553,18,0.9068974419655343,0.840989066529527,0.0,1.2745495346999973,,161.12060546875,,False
loss-mse,loss,sgd_momentum,0.1,512,mse,0.0,,fp32,he,0.13725111703667403,20,0.8738947096663152,0.7443432954302317,-0.09664577109929529,1.4074526784499881,1.3528294620999985,161.1279296875,0.0,False
opt-adam-lr1e-3,optimizer,adam,0.001,512,ce,0.0,,fp32,he,2.2690618110553,20,0.9013575439426863,0.8476465411014616,0.006657474571934663,1.4620328054000027,1.4098878083499813,161.3076171875,0.0,False
hparam-batch1024,hparam,sgd_momentum,0.1,1024,ce,0.0,,fp32,he,2.2690618110553,18,0.892590520857985,0.8165795269562935,-0.02440953957323344,0.6969216997500041,0.6465855597999906,161.12451171875,0.0,False
dropout-p02,dropout,sgd_momentum,0.1,512,ce,0.2,,fp32,he,2.2690618110553,20,0.8875131774273359,0.8166303258366419,-0.024358740692885128,1.43744848784998,1.3842459878999704,161.12451171875,0.0,False
clip-normal-lr,clipping,sgd_momentum,0.1,512,ce,0.0,0.283430797228541,fp32,he,2.2690618110553,18,0.8970547105268819,0.8254988594981665,-0.015490207031360503,1.3848680363000199,1.3314196795500153,161.12451171875,0.9998624484181569,False
highlr-no-clip,clipping,sgd_momentum,0.5,512,ce,0.0,,fp32,he,2.2690618110553,20,0.9044878552526839,0.8408279547805609,-0.0001611117489660474,1.2945040712999911,1.2417480660499791,161.12451171875,0.0,False
highlr-with-clip,clipping,sgd_momentum,0.5,512,ce,0.0,0.283430797228541,fp32,he,2.2690618110553,18,0.9077902798993137,0.8512708490103789,0.010281782480851875,1.3880733225500137,1.334514084699998,161.12451171875,0.7680880330123796,False
amp-fp32,amp,sgd_momentum,0.1,512,ce,0.0,,fp32,he,2.2690618110553,18,0.9068974419655343,0.840989066529527,0.0,1.288592408699992,1.2359497912500046,161.12451171875,0.0,False
amp-fp16,amp,sgd_momentum,0.1,512,ce,0.0,,fp16,he,2.2690618110553,20,0.9049396527613434,0.8451479899957899,0.004158923466262898,1.7948123486500152,1.7406814398000052,161.12353515625,0.0,False
amp-bf16,amp,sgd_momentum,0.1,512,ce,0.0,,bf16,he,2.2690618110553,18,0.9062197457025452,0.846919801983306,0.005930735453778979,1.5434719677499913,1.4977284519999898,161.12255859375,0.0,False
init-xavier,init,sgd_momentum,0.1,512,ce,0.0,,fp32,xavier,2.0221761869652255,17,0.902530066048493,0.8373785540708837,-0.0036105124586433,1.283115534199999,1.2304792351500056,161.12451171875,0.0,False
init-zeros,init,sgd_momentum,0.1,512,ce,0.0,,fp32,zeros,1.9459099915779534,10,0.4875970826789441,0.09364999018625456,-0.7473390763432725,1.2966023397499953,1.244289056250011,161.12451171875,0.0,False
